"F1","F10"
"F104","F10"
"F122","F10"
"F147","F10"
"F150","F10"
"F151","F10"
"F152","F10"
"F153","F10"
"F18","F10"
"F19","F10"
"F2","F10"
"F20","F10"
"F21","F10"
"F3","F10"
"F47","F10"
"F48","F10"
"F6","F10"
"F60","F10"
"F61","F10"
"F67","F10"
"F68","F10"
"F69","F10"
"F7","F10"
"F76","F10"
"F79","F10"
"F87","F10"
"F89","F10"
"F91","F10"
"F1","F105"
"F113","F105"
"F119","F105"
"F122","F105"
"F160","F105"
"F176","F105"
"F207","F105"
"F57","F105"
"F58","F105"
"F63","F105"
"F67","F105"
"F68","F105"
"F69","F105"
"F76","F105"
"F79","F105"
"F82","F105"
"F86","F105"
"F97","F105"
"F10","F106"
"F118","F106"
"F124","F106"
"F148","F106"
"F150","F106"
"F156","F106"
"F157","F106"
"F158","F106"
"F159","F106"
"F160","F106"
"F161","F106"
"F162","F106"
"F163","F106"
"F164","F106"
"F165","F106"
"F173","F106"
"F174","F106"
"F175","F106"
"F176","F106"
"F177","F106"
"F178","F106"
"F179","F106"
"F180","F106"
"F185","F106"
"F186","F106"
"F187","F106"
"F188","F106"
"F193","F106"
"F51","F106"
"F75","F106"
"F76","F106"
"F77","F106"
"F78","F106"
"F79","F106"
"F8","F106"
"F80","F106"
"F81","F106"
"F82","F106"
"F83","F106"
"F9","F106"
"F94","F106"
"F156","F107"
"F157","F107"
"F158","F107"
"F159","F107"
"F160","F107"
"F161","F107"
"F162","F107"
"F163","F107"
"F164","F107"
"F165","F107"
"F49","F107"
"F50","F107"
"F51","F107"
"F52","F107"
"F57","F107"
"F58","F107"
"F76","F107"
"F83","F107"
"F51","F108"
"F10","F109"
"F122","F109"
"F124","F109"
"F128","F109"
"F129","F109"
"F13","F109"
"F130","F109"
"F142","F109"
"F156","F109"
"F157","F109"
"F158","F109"
"F159","F109"
"F160","F109"
"F161","F109"
"F162","F109"
"F163","F109"
"F164","F109"
"F165","F109"
"F179","F109"
"F180","F109"
"F51","F109"
"F52","F109"
"F75","F109"
"F76","F109"
"F77","F109"
"F78","F109"
"F79","F109"
"F8","F109"
"F80","F109"
"F81","F109"
"F82","F109"
"F83","F109"
"F86","F109"
"F87","F109"
"F88","F109"
"F89","F109"
"F9","F109"
"F90","F109"
"F91","F109"
"F95","F109"
"F203","F110"
"F204","F110"
"F205","F110"
"F8","F110"
"F86","F110"
"F87","F110"
"F88","F110"
"F89","F110"
"F9","F110"
"F90","F110"
"F91","F110"
"F53","F111"
"F56","F111"
"F57","F111"
"F58","F111"
"F6","F111"
"F60","F111"
"F61","F111"
"F8","F111"
"F9","F111"
"F51","F112"
"F100","F113"
"F53","F113"
"F96","F113"
"F97","F113"
"F98","F113"
"F99","F113"
"F8","F114"
"F9","F114"
"F67","F122"
"F108","F124"
"F76","F124"
"F156","F125"
"F157","F125"
"F158","F125"
"F159","F125"
"F160","F125"
"F1","F126"
"F10","F126"
"F100","F126"
"F101","F126"
"F102","F126"
"F104","F126"
"F110","F126"
"F118","F126"
"F119","F126"
"F120","F126"
"F121","F126"
"F122","F126"
"F123","F126"
"F124","F126"
"F128","F126"
"F129","F126"
"F13","F126"
"F131","F126"
"F132","F126"
"F139","F126"
"F14","F126"
"F145","F126"
"F146","F126"
"F147","F126"
"F148","F126"
"F149","F126"
"F15","F126"
"F150","F126"
"F151","F126"
"F152","F126"
"F153","F126"
"F155","F126"
"F157","F126"
"F161","F126"
"F163","F126"
"F166","F126"
"F167","F126"
"F168","F126"
"F169","F126"
"F174","F126"
"F177","F126"
"F179","F126"
"F180","F126"
"F185","F126"
"F186","F126"
"F187","F126"
"F188","F126"
"F19","F126"
"F193","F126"
"F2","F126"
"F205","F126"
"F206","F126"
"F207","F126"
"F21","F126"
"F23","F126"
"F27","F126"
"F28","F126"
"F3","F126"
"F4","F126"
"F42","F126"
"F43","F126"
"F44","F126"
"F45","F126"
"F46","F126"
"F48","F126"
"F49","F126"
"F5","F126"
"F50","F126"
"F51","F126"
"F52","F126"
"F53","F126"
"F59","F126"
"F6","F126"
"F60","F126"
"F64","F126"
"F65","F126"
"F7","F126"
"F70","F126"
"F71","F126"
"F72","F126"
"F74","F126"
"F76","F126"
"F77","F126"
"F78","F126"
"F79","F126"
"F8","F126"
"F84","F126"
"F85","F126"
"F86","F126"
"F87","F126"
"F88","F126"
"F89","F126"
"F9","F126"
"F90","F126"
"F91","F126"
"F95","F126"
"F96","F126"
"F97","F126"
"F98","F126"
"F207","F127"
"F76","F130"
"F51","F14"
"F51","F145"
"F51","F15"
"F60","F15"
"F61","F15"
"F8","F154"
"F9","F154"
"F51","F155"
"F16","F16"
"F17","F16"
"F24","F16"
"F25","F16"
"F26","F16"
"F27","F16"
"F28","F16"
"F29","F16"
"F30","F16"
"F31","F16"
"F32","F16"
"F8","F161"
"F1","F17"
"F120","F17"
"F50","F17"
"F60","F17"
"F61","F17"
"F10","F170"
"F122","F170"
"F50","F170"
"F51","F170"
"F52","F170"
"F53","F170"
"F60","F170"
"F61","F170"
"F9","F170"
"F105","F171"
"F106","F171"
"F107","F171"
"F108","F171"
"F109","F171"
"F110","F171"
"F111","F171"
"F112","F171"
"F120","F171"
"F170","F171"
"F171","F171"
"F172","F171"
"F178","F171"
"F179","F171"
"F180","F171"
"F181","F171"
"F182","F171"
"F184","F171"
"F190","F171"
"F191","F171"
"F192","F171"
"F193","F171"
"F49","F171"
"F50","F171"
"F51","F171"
"F52","F171"
"F75","F171"
"F76","F171"
"F77","F171"
"F78","F171"
"F79","F171"
"F80","F171"
"F81","F171"
"F82","F171"
"F83","F171"
"F84","F171"
"F85","F171"
"F100","F172"
"F101","F172"
"F102","F172"
"F103","F172"
"F104","F172"
"F14","F172"
"F147","F172"
"F148","F172"
"F15","F172"
"F16","F172"
"F17","F172"
"F26","F172"
"F29","F172"
"F49","F172"
"F50","F172"
"F51","F172"
"F52","F172"
"F59","F172"
"F60","F172"
"F8","F172"
"F85","F172"
"F9","F172"
"F94","F172"
"F95","F172"
"F96","F172"
"F97","F172"
"F98","F172"
"F99","F172"
"F1","F176"
"F2","F176"
"F3","F176"
"F51","F176"
"F53","F176"
"F141","F177"
"F142","F177"
"F1","F178"
"F2","F178"
"F3","F178"
"F53","F178"
"F145","F179"
"F42","F179"
"F43","F179"
"F44","F179"
"F45","F179"
"F6","F179"
"F67","F179"
"F7","F179"
"F75","F179"
"F76","F179"
"F77","F179"
"F78","F179"
"F79","F179"
"F80","F179"
"F81","F179"
"F82","F179"
"F83","F179"
"F87","F179"
"F1","F180"
"F10","F180"
"F118","F180"
"F119","F180"
"F156","F180"
"F157","F180"
"F158","F180"
"F159","F180"
"F160","F180"
"F161","F180"
"F162","F180"
"F163","F180"
"F164","F180"
"F165","F180"
"F2","F180"
"F207","F180"
"F3","F180"
"F46","F180"
"F47","F180"
"F118","F181"
"F161","F181"
"F162","F181"
"F163","F181"
"F164","F181"
"F165","F181"
"F10","F182"
"F118","F182"
"F121","F182"
"F124","F182"
"F125","F182"
"F156","F182"
"F157","F182"
"F158","F182"
"F159","F182"
"F160","F182"
"F161","F182"
"F162","F182"
"F163","F182"
"F164","F182"
"F165","F182"
"F59","F182"
"F55","F183"
"F57","F183"
"F58","F183"
"F1","F184"
"F105","F184"
"F106","F184"
"F107","F184"
"F108","F184"
"F109","F184"
"F110","F184"
"F111","F184"
"F112","F184"
"F118","F184"
"F122","F184"
"F123","F184"
"F124","F184"
"F125","F184"
"F135","F184"
"F147","F184"
"F148","F184"
"F149","F184"
"F150","F184"
"F151","F184"
"F152","F184"
"F153","F184"
"F155","F184"
"F156","F184"
"F157","F184"
"F158","F184"
"F159","F184"
"F160","F184"
"F161","F184"
"F162","F184"
"F163","F184"
"F164","F184"
"F165","F184"
"F180","F184"
"F188","F184"
"F2","F184"
"F203","F184"
"F204","F184"
"F205","F184"
"F3","F184"
"F49","F184"
"F51","F184"
"F60","F184"
"F61","F184"
"F76","F184"
"F79","F184"
"F8","F184"
"F86","F184"
"F87","F184"
"F88","F184"
"F89","F184"
"F9","F184"
"F90","F184"
"F91","F184"
"F95","F184"
"F96","F184"
"F97","F184"
"F18","F185"
"F19","F185"
"F20","F185"
"F21","F185"
"F18","F186"
"F19","F186"
"F20","F186"
"F21","F186"
"F18","F187"
"F19","F187"
"F20","F187"
"F21","F187"
"F18","F188"
"F19","F188"
"F20","F188"
"F21","F188"
"F63","F189"
"F79","F189"
"F1","F190"
"F118","F190"
"F150","F190"
"F152","F190"
"F156","F190"
"F157","F190"
"F158","F190"
"F159","F190"
"F160","F190"
"F161","F190"
"F162","F190"
"F163","F190"
"F164","F190"
"F165","F190"
"F168","F190"
"F19","F190"
"F2","F190"
"F3","F190"
"F51","F190"
"F75","F190"
"F76","F190"
"F77","F190"
"F78","F190"
"F79","F190"
"F8","F190"
"F80","F190"
"F81","F190"
"F82","F190"
"F83","F190"
"F9","F190"
"F1","F191"
"F10","F191"
"F104","F191"
"F115","F191"
"F116","F191"
"F117","F191"
"F118","F191"
"F119","F191"
"F145","F191"
"F147","F191"
"F148","F191"
"F150","F191"
"F151","F191"
"F152","F191"
"F153","F191"
"F156","F191"
"F157","F191"
"F158","F191"
"F159","F191"
"F160","F191"
"F161","F191"
"F162","F191"
"F163","F191"
"F164","F191"
"F165","F191"
"F178","F191"
"F179","F191"
"F180","F191"
"F181","F191"
"F182","F191"
"F183","F191"
"F184","F191"
"F185","F191"
"F186","F191"
"F187","F191"
"F188","F191"
"F189","F191"
"F190","F191"
"F191","F191"
"F192","F191"
"F193","F191"
"F204","F191"
"F26","F191"
"F79","F191"
"F8","F191"
"F86","F191"
"F87","F191"
"F88","F191"
"F89","F191"
"F9","F191"
"F90","F191"
"F91","F191"
"F1","F199"
"F112","F199"
"F123","F199"
"F14","F199"
"F15","F199"
"F156","F199"
"F157","F199"
"F158","F199"
"F159","F199"
"F16","F199"
"F160","F199"
"F161","F199"
"F162","F199"
"F163","F199"
"F164","F199"
"F165","F199"
"F17","F199"
"F200","F199"
"F203","F199"
"F204","F199"
"F205","F199"
"F206","F199"
"F24","F199"
"F25","F199"
"F26","F199"
"F27","F199"
"F28","F199"
"F29","F199"
"F30","F199"
"F31","F199"
"F49","F199"
"F50","F199"
"F51","F199"
"F52","F199"
"F57","F199"
"F58","F199"
"F75","F199"
"F76","F199"
"F77","F199"
"F78","F199"
"F79","F199"
"F80","F199"
"F81","F199"
"F82","F199"
"F83","F199"
"F9","F199"
"F8","F200"
"F114","F201"
"F126","F201"
"F14","F201"
"F15","F201"
"F16","F201"
"F17","F201"
"F170","F201"
"F171","F201"
"F172","F201"
"F199","F201"
"F200","F201"
"F202","F201"
"F208","F201"
"F24","F201"
"F25","F201"
"F26","F201"
"F27","F201"
"F28","F201"
"F29","F201"
"F30","F201"
"F31","F201"
"F32","F201"
"F33","F201"
"F34","F201"
"F35","F201"
"F36","F201"
"F37","F201"
"F38","F201"
"F40","F201"
"F41","F201"
"F49","F201"
"F50","F201"
"F51","F201"
"F52","F201"
"F55","F201"
"F60","F201"
"F61","F201"
"F8","F201"
"F84","F201"
"F85","F201"
"F9","F201"
"F1","F202"
"F10","F202"
"F100","F202"
"F101","F202"
"F102","F202"
"F104","F202"
"F110","F202"
"F118","F202"
"F119","F202"
"F120","F202"
"F121","F202"
"F122","F202"
"F123","F202"
"F124","F202"
"F128","F202"
"F129","F202"
"F13","F202"
"F131","F202"
"F132","F202"
"F139","F202"
"F14","F202"
"F145","F202"
"F146","F202"
"F147","F202"
"F148","F202"
"F149","F202"
"F15","F202"
"F150","F202"
"F151","F202"
"F152","F202"
"F153","F202"
"F155","F202"
"F157","F202"
"F159","F202"
"F161","F202"
"F163","F202"
"F166","F202"
"F167","F202"
"F168","F202"
"F169","F202"
"F174","F202"
"F177","F202"
"F179","F202"
"F180","F202"
"F185","F202"
"F186","F202"
"F187","F202"
"F188","F202"
"F19","F202"
"F192","F202"
"F193","F202"
"F198","F202"
"F2","F202"
"F203","F202"
"F205","F202"
"F207","F202"
"F21","F202"
"F28","F202"
"F3","F202"
"F4","F202"
"F42","F202"
"F43","F202"
"F44","F202"
"F45","F202"
"F46","F202"
"F48","F202"
"F49","F202"
"F5","F202"
"F50","F202"
"F51","F202"
"F52","F202"
"F53","F202"
"F59","F202"
"F6","F202"
"F60","F202"
"F61","F202"
"F64","F202"
"F65","F202"
"F7","F202"
"F70","F202"
"F71","F202"
"F72","F202"
"F74","F202"
"F76","F202"
"F77","F202"
"F78","F202"
"F79","F202"
"F8","F202"
"F84","F202"
"F85","F202"
"F86","F202"
"F87","F202"
"F88","F202"
"F89","F202"
"F9","F202"
"F90","F202"
"F91","F202"
"F95","F202"
"F96","F202"
"F97","F202"
"F98","F202"
"F60","F203"
"F61","F203"
"F193","F204"
"F24","F204"
"F25","F204"
"F26","F204"
"F27","F204"
"F28","F204"
"F29","F204"
"F30","F204"
"F31","F204"
"F32","F204"
"F49","F204"
"F50","F204"
"F51","F204"
"F75","F204"
"F76","F204"
"F77","F204"
"F78","F204"
"F79","F204"
"F8","F204"
"F80","F204"
"F81","F204"
"F82","F204"
"F83","F204"
"F9","F204"
"F1","F208"
"F10","F208"
"F100","F208"
"F101","F208"
"F102","F208"
"F104","F208"
"F110","F208"
"F118","F208"
"F119","F208"
"F120","F208"
"F121","F208"
"F122","F208"
"F123","F208"
"F124","F208"
"F128","F208"
"F129","F208"
"F13","F208"
"F131","F208"
"F132","F208"
"F139","F208"
"F14","F208"
"F145","F208"
"F146","F208"
"F147","F208"
"F148","F208"
"F149","F208"
"F15","F208"
"F150","F208"
"F151","F208"
"F152","F208"
"F153","F208"
"F156","F208"
"F158","F208"
"F160","F208"
"F162","F208"
"F163","F208"
"F166","F208"
"F167","F208"
"F168","F208"
"F169","F208"
"F174","F208"
"F177","F208"
"F179","F208"
"F180","F208"
"F185","F208"
"F186","F208"
"F187","F208"
"F188","F208"
"F19","F208"
"F192","F208"
"F193","F208"
"F198","F208"
"F2","F208"
"F203","F208"
"F205","F208"
"F207","F208"
"F21","F208"
"F28","F208"
"F3","F208"
"F4","F208"
"F42","F208"
"F43","F208"
"F44","F208"
"F45","F208"
"F46","F208"
"F48","F208"
"F49","F208"
"F5","F208"
"F50","F208"
"F51","F208"
"F52","F208"
"F53","F208"
"F59","F208"
"F6","F208"
"F60","F208"
"F61","F208"
"F64","F208"
"F65","F208"
"F7","F208"
"F70","F208"
"F71","F208"
"F72","F208"
"F74","F208"
"F76","F208"
"F77","F208"
"F78","F208"
"F79","F208"
"F8","F208"
"F84","F208"
"F85","F208"
"F86","F208"
"F87","F208"
"F88","F208"
"F89","F208"
"F9","F208"
"F90","F208"
"F91","F208"
"F95","F208"
"F96","F208"
"F97","F208"
"F98","F208"
"F29","F22"
"F51","F22"
"F60","F22"
"F61","F22"
"F67","F23"
"F112","F24"
"F161","F24"
"F162","F24"
"F163","F24"
"F164","F24"
"F165","F24"
"F98","F24"
"F49","F25"
"F50","F25"
"F8","F25"
"F9","F25"
"F91","F25"
"F1","F26"
"F119","F26"
"F121","F26"
"F122","F26"
"F152","F26"
"F156","F26"
"F157","F26"
"F158","F26"
"F159","F26"
"F160","F26"
"F161","F26"
"F162","F26"
"F163","F26"
"F164","F26"
"F165","F26"
"F18","F26"
"F19","F26"
"F2","F26"
"F3","F26"
"F49","F26"
"F51","F26"
"F60","F26"
"F61","F26"
"F8","F26"
"F9","F26"
"F51","F28"
"F11","F30"
"F12","F30"
"F13","F30"
"F154","F30"
"F195","F30"
"F196","F30"
"F197","F30"
"F26","F30"
"F76","F30"
"F51","F32"
"F60","F32"
"F61","F32"
"F1","F33"
"F10","F33"
"F100","F33"
"F101","F33"
"F102","F33"
"F104","F33"
"F110","F33"
"F118","F33"
"F119","F33"
"F120","F33"
"F121","F33"
"F122","F33"
"F123","F33"
"F124","F33"
"F128","F33"
"F129","F33"
"F13","F33"
"F131","F33"
"F132","F33"
"F139","F33"
"F14","F33"
"F145","F33"
"F146","F33"
"F147","F33"
"F148","F33"
"F149","F33"
"F15","F33"
"F150","F33"
"F151","F33"
"F152","F33"
"F153","F33"
"F155","F33"
"F157","F33"
"F159","F33"
"F161","F33"
"F163","F33"
"F166","F33"
"F167","F33"
"F168","F33"
"F169","F33"
"F174","F33"
"F177","F33"
"F179","F33"
"F180","F33"
"F185","F33"
"F186","F33"
"F187","F33"
"F188","F33"
"F19","F33"
"F192","F33"
"F193","F33"
"F198","F33"
"F2","F33"
"F203","F33"
"F205","F33"
"F207","F33"
"F21","F33"
"F28","F33"
"F3","F33"
"F4","F33"
"F42","F33"
"F43","F33"
"F44","F33"
"F45","F33"
"F46","F33"
"F48","F33"
"F49","F33"
"F5","F33"
"F50","F33"
"F51","F33"
"F52","F33"
"F53","F33"
"F59","F33"
"F6","F33"
"F60","F33"
"F61","F33"
"F64","F33"
"F65","F33"
"F7","F33"
"F70","F33"
"F71","F33"
"F72","F33"
"F74","F33"
"F76","F33"
"F77","F33"
"F78","F33"
"F79","F33"
"F8","F33"
"F84","F33"
"F85","F33"
"F86","F33"
"F87","F33"
"F88","F33"
"F89","F33"
"F9","F33"
"F90","F33"
"F91","F33"
"F95","F33"
"F96","F33"
"F97","F33"
"F98","F33"
"F1","F34"
"F10","F34"
"F100","F34"
"F101","F34"
"F103","F34"
"F105","F34"
"F106","F34"
"F107","F34"
"F108","F34"
"F109","F34"
"F11","F34"
"F110","F34"
"F111","F34"
"F112","F34"
"F113","F34"
"F114","F34"
"F115","F34"
"F116","F34"
"F117","F34"
"F118","F34"
"F119","F34"
"F12","F34"
"F120","F34"
"F121","F34"
"F122","F34"
"F123","F34"
"F124","F34"
"F125","F34"
"F126","F34"
"F127","F34"
"F128","F34"
"F129","F34"
"F13","F34"
"F130","F34"
"F134","F34"
"F135","F34"
"F136","F34"
"F137","F34"
"F138","F34"
"F14","F34"
"F141","F34"
"F142","F34"
"F143","F34"
"F144","F34"
"F145","F34"
"F146","F34"
"F148","F34"
"F149","F34"
"F15","F34"
"F150","F34"
"F154","F34"
"F155","F34"
"F156","F34"
"F157","F34"
"F158","F34"
"F159","F34"
"F16","F34"
"F160","F34"
"F161","F34"
"F162","F34"
"F163","F34"
"F164","F34"
"F165","F34"
"F166","F34"
"F167","F34"
"F168","F34"
"F169","F34"
"F17","F34"
"F170","F34"
"F171","F34"
"F172","F34"
"F173","F34"
"F174","F34"
"F176","F34"
"F178","F34"
"F179","F34"
"F180","F34"
"F181","F34"
"F182","F34"
"F183","F34"
"F184","F34"
"F189","F34"
"F190","F34"
"F191","F34"
"F192","F34"
"F193","F34"
"F195","F34"
"F196","F34"
"F197","F34"
"F198","F34"
"F199","F34"
"F2","F34"
"F200","F34"
"F202","F34"
"F203","F34"
"F204","F34"
"F205","F34"
"F208","F34"
"F22","F34"
"F23","F34"
"F24","F34"
"F25","F34"
"F26","F34"
"F27","F34"
"F28","F34"
"F29","F34"
"F30","F34"
"F31","F34"
"F32","F34"
"F33","F34"
"F36","F34"
"F38","F34"
"F40","F34"
"F41","F34"
"F49","F34"
"F50","F34"
"F52","F34"
"F54","F34"
"F55","F34"
"F56","F34"
"F57","F34"
"F58","F34"
"F59","F34"
"F62","F34"
"F63","F34"
"F64","F34"
"F65","F34"
"F72","F34"
"F73","F34"
"F74","F34"
"F75","F34"
"F76","F34"
"F77","F34"
"F78","F34"
"F79","F34"
"F80","F34"
"F81","F34"
"F82","F34"
"F83","F34"
"F84","F34"
"F85","F34"
"F86","F34"
"F88","F34"
"F89","F34"
"F90","F34"
"F91","F34"
"F92","F34"
"F93","F34"
"F94","F34"
"F95","F34"
"F96","F34"
"F97","F34"
"F99","F34"
"F127","F35"
"F170","F35"
"F171","F35"
"F172","F35"
"F202","F35"
"F208","F35"
"F33","F35"
"F36","F35"
"F38","F35"
"F40","F35"
"F41","F35"
"F55","F35"
"F127","F36"
"F177","F36"
"F187","F36"
"F28","F36"
"F49","F36"
"F50","F36"
"F51","F36"
"F52","F36"
"F55","F36"
"F59","F36"
"F60","F36"
"F61","F36"
"F77","F36"
"F78","F36"
"F79","F36"
"F8","F36"
"F84","F36"
"F85","F36"
"F9","F36"
"F170","F37"
"F171","F37"
"F172","F37"
"F24","F37"
"F25","F37"
"F26","F37"
"F27","F37"
"F28","F37"
"F29","F37"
"F30","F37"
"F31","F37"
"F32","F37"
"F1","F38"
"F10","F38"
"F100","F38"
"F101","F38"
"F102","F38"
"F103","F38"
"F104","F38"
"F105","F38"
"F106","F38"
"F107","F38"
"F108","F38"
"F109","F38"
"F11","F38"
"F110","F38"
"F111","F38"
"F112","F38"
"F113","F38"
"F115","F38"
"F116","F38"
"F117","F38"
"F118","F38"
"F119","F38"
"F12","F38"
"F120","F38"
"F121","F38"
"F122","F38"
"F123","F38"
"F124","F38"
"F125","F38"
"F127","F38"
"F128","F38"
"F129","F38"
"F13","F38"
"F130","F38"
"F131","F38"
"F132","F38"
"F133","F38"
"F134","F38"
"F135","F38"
"F136","F38"
"F137","F38"
"F138","F38"
"F139","F38"
"F14","F38"
"F140","F38"
"F141","F38"
"F142","F38"
"F143","F38"
"F144","F38"
"F145","F38"
"F146","F38"
"F147","F38"
"F148","F38"
"F149","F38"
"F15","F38"
"F150","F38"
"F151","F38"
"F152","F38"
"F153","F38"
"F154","F38"
"F155","F38"
"F156","F38"
"F157","F38"
"F158","F38"
"F159","F38"
"F16","F38"
"F160","F38"
"F161","F38"
"F162","F38"
"F163","F38"
"F164","F38"
"F165","F38"
"F166","F38"
"F167","F38"
"F168","F38"
"F169","F38"
"F17","F38"
"F170","F38"
"F171","F38"
"F172","F38"
"F173","F38"
"F174","F38"
"F175","F38"
"F176","F38"
"F177","F38"
"F178","F38"
"F179","F38"
"F18","F38"
"F180","F38"
"F181","F38"
"F182","F38"
"F184","F38"
"F185","F38"
"F186","F38"
"F187","F38"
"F188","F38"
"F189","F38"
"F19","F38"
"F190","F38"
"F191","F38"
"F192","F38"
"F193","F38"
"F194","F38"
"F195","F38"
"F196","F38"
"F197","F38"
"F198","F38"
"F199","F38"
"F2","F38"
"F20","F38"
"F200","F38"
"F202","F38"
"F203","F38"
"F204","F38"
"F205","F38"
"F206","F38"
"F207","F38"
"F208","F38"
"F21","F38"
"F22","F38"
"F23","F38"
"F24","F38"
"F25","F38"
"F26","F38"
"F27","F38"
"F28","F38"
"F29","F38"
"F3","F38"
"F30","F38"
"F31","F38"
"F32","F38"
"F33","F38"
"F4","F38"
"F40","F38"
"F41","F38"
"F42","F38"
"F43","F38"
"F44","F38"
"F45","F38"
"F46","F38"
"F47","F38"
"F48","F38"
"F49","F38"
"F5","F38"
"F50","F38"
"F51","F38"
"F52","F38"
"F53","F38"
"F54","F38"
"F56","F38"
"F57","F38"
"F58","F38"
"F59","F38"
"F6","F38"
"F60","F38"
"F61","F38"
"F62","F38"
"F63","F38"
"F64","F38"
"F65","F38"
"F67","F38"
"F68","F38"
"F69","F38"
"F7","F38"
"F70","F38"
"F71","F38"
"F72","F38"
"F73","F38"
"F74","F38"
"F75","F38"
"F76","F38"
"F77","F38"
"F78","F38"
"F79","F38"
"F8","F38"
"F80","F38"
"F81","F38"
"F82","F38"
"F83","F38"
"F84","F38"
"F85","F38"
"F86","F38"
"F87","F38"
"F88","F38"
"F89","F38"
"F9","F38"
"F90","F38"
"F91","F38"
"F92","F38"
"F93","F38"
"F94","F38"
"F95","F38"
"F96","F38"
"F97","F38"
"F98","F38"
"F99","F38"
"F1","F39"
"F10","F39"
"F100","F39"
"F101","F39"
"F103","F39"
"F105","F39"
"F106","F39"
"F107","F39"
"F108","F39"
"F109","F39"
"F11","F39"
"F110","F39"
"F111","F39"
"F112","F39"
"F113","F39"
"F114","F39"
"F115","F39"
"F116","F39"
"F117","F39"
"F118","F39"
"F119","F39"
"F12","F39"
"F120","F39"
"F121","F39"
"F122","F39"
"F123","F39"
"F124","F39"
"F125","F39"
"F126","F39"
"F127","F39"
"F128","F39"
"F129","F39"
"F13","F39"
"F130","F39"
"F134","F39"
"F135","F39"
"F136","F39"
"F137","F39"
"F138","F39"
"F139","F39"
"F14","F39"
"F141","F39"
"F142","F39"
"F143","F39"
"F144","F39"
"F145","F39"
"F146","F39"
"F148","F39"
"F149","F39"
"F15","F39"
"F150","F39"
"F154","F39"
"F155","F39"
"F156","F39"
"F157","F39"
"F158","F39"
"F159","F39"
"F16","F39"
"F160","F39"
"F161","F39"
"F162","F39"
"F163","F39"
"F164","F39"
"F165","F39"
"F166","F39"
"F167","F39"
"F168","F39"
"F169","F39"
"F17","F39"
"F170","F39"
"F171","F39"
"F172","F39"
"F173","F39"
"F174","F39"
"F176","F39"
"F178","F39"
"F179","F39"
"F180","F39"
"F181","F39"
"F182","F39"
"F183","F39"
"F184","F39"
"F189","F39"
"F190","F39"
"F191","F39"
"F192","F39"
"F194","F39"
"F195","F39"
"F196","F39"
"F197","F39"
"F198","F39"
"F199","F39"
"F2","F39"
"F200","F39"
"F201","F39"
"F202","F39"
"F203","F39"
"F204","F39"
"F205","F39"
"F208","F39"
"F22","F39"
"F23","F39"
"F24","F39"
"F25","F39"
"F26","F39"
"F27","F39"
"F28","F39"
"F29","F39"
"F3","F39"
"F30","F39"
"F31","F39"
"F32","F39"
"F33","F39"
"F34","F39"
"F35","F39"
"F36","F39"
"F37","F39"
"F38","F39"
"F40","F39"
"F41","F39"
"F43","F39"
"F44","F39"
"F45","F39"
"F49","F39"
"F50","F39"
"F52","F39"
"F53","F39"
"F54","F39"
"F55","F39"
"F56","F39"
"F57","F39"
"F58","F39"
"F59","F39"
"F62","F39"
"F63","F39"
"F64","F39"
"F65","F39"
"F66","F39"
"F72","F39"
"F73","F39"
"F74","F39"
"F75","F39"
"F76","F39"
"F77","F39"
"F78","F39"
"F79","F39"
"F80","F39"
"F81","F39"
"F82","F39"
"F83","F39"
"F84","F39"
"F85","F39"
"F86","F39"
"F88","F39"
"F89","F39"
"F90","F39"
"F91","F39"
"F92","F39"
"F93","F39"
"F94","F39"
"F95","F39"
"F96","F39"
"F97","F39"
"F99","F39"
"F77","F4"
"F1","F40"
"F10","F40"
"F100","F40"
"F101","F40"
"F102","F40"
"F104","F40"
"F110","F40"
"F118","F40"
"F119","F40"
"F120","F40"
"F121","F40"
"F122","F40"
"F123","F40"
"F124","F40"
"F126","F40"
"F128","F40"
"F129","F40"
"F13","F40"
"F131","F40"
"F132","F40"
"F139","F40"
"F14","F40"
"F145","F40"
"F146","F40"
"F147","F40"
"F148","F40"
"F149","F40"
"F15","F40"
"F150","F40"
"F151","F40"
"F152","F40"
"F153","F40"
"F155","F40"
"F157","F40"
"F159","F40"
"F161","F40"
"F163","F40"
"F166","F40"
"F167","F40"
"F168","F40"
"F169","F40"
"F174","F40"
"F177","F40"
"F179","F40"
"F180","F40"
"F185","F40"
"F186","F40"
"F187","F40"
"F188","F40"
"F19","F40"
"F192","F40"
"F193","F40"
"F198","F40"
"F2","F40"
"F203","F40"
"F205","F40"
"F207","F40"
"F21","F40"
"F28","F40"
"F3","F40"
"F4","F40"
"F42","F40"
"F43","F40"
"F44","F40"
"F45","F40"
"F46","F40"
"F48","F40"
"F49","F40"
"F5","F40"
"F50","F40"
"F51","F40"
"F52","F40"
"F53","F40"
"F55","F40"
"F59","F40"
"F6","F40"
"F60","F40"
"F61","F40"
"F64","F40"
"F65","F40"
"F7","F40"
"F70","F40"
"F71","F40"
"F72","F40"
"F74","F40"
"F76","F40"
"F77","F40"
"F78","F40"
"F79","F40"
"F8","F40"
"F84","F40"
"F85","F40"
"F86","F40"
"F87","F40"
"F88","F40"
"F89","F40"
"F9","F40"
"F90","F40"
"F91","F40"
"F95","F40"
"F96","F40"
"F97","F40"
"F98","F40"
"F1","F41"
"F10","F41"
"F100","F41"
"F101","F41"
"F102","F41"
"F104","F41"
"F110","F41"
"F118","F41"
"F119","F41"
"F120","F41"
"F121","F41"
"F122","F41"
"F123","F41"
"F124","F41"
"F128","F41"
"F129","F41"
"F13","F41"
"F131","F41"
"F132","F41"
"F139","F41"
"F14","F41"
"F145","F41"
"F146","F41"
"F147","F41"
"F148","F41"
"F149","F41"
"F15","F41"
"F150","F41"
"F151","F41"
"F152","F41"
"F153","F41"
"F155","F41"
"F157","F41"
"F159","F41"
"F161","F41"
"F163","F41"
"F166","F41"
"F167","F41"
"F168","F41"
"F169","F41"
"F174","F41"
"F177","F41"
"F179","F41"
"F180","F41"
"F185","F41"
"F186","F41"
"F187","F41"
"F188","F41"
"F19","F41"
"F192","F41"
"F193","F41"
"F198","F41"
"F2","F41"
"F203","F41"
"F205","F41"
"F207","F41"
"F21","F41"
"F28","F41"
"F3","F41"
"F4","F41"
"F42","F41"
"F43","F41"
"F44","F41"
"F45","F41"
"F46","F41"
"F49","F41"
"F5","F41"
"F50","F41"
"F51","F41"
"F52","F41"
"F53","F41"
"F59","F41"
"F6","F41"
"F60","F41"
"F61","F41"
"F64","F41"
"F65","F41"
"F7","F41"
"F70","F41"
"F71","F41"
"F72","F41"
"F74","F41"
"F76","F41"
"F77","F41"
"F78","F41"
"F79","F41"
"F8","F41"
"F84","F41"
"F85","F41"
"F86","F41"
"F87","F41"
"F88","F41"
"F89","F41"
"F9","F41"
"F90","F41"
"F91","F41"
"F95","F41"
"F96","F41"
"F97","F41"
"F98","F41"
"F175","F5"
"F1","F55"
"F131","F55"
"F132","F55"
"F133","F55"
"F176","F55"
"F2","F55"
"F3","F55"
"F60","F55"
"F61","F55"
"F119","F63"
"F122","F63"
"F1","F66"
"F10","F66"
"F100","F66"
"F101","F66"
"F102","F66"
"F104","F66"
"F110","F66"
"F118","F66"
"F119","F66"
"F120","F66"
"F121","F66"
"F122","F66"
"F123","F66"
"F124","F66"
"F128","F66"
"F129","F66"
"F13","F66"
"F131","F66"
"F132","F66"
"F139","F66"
"F14","F66"
"F145","F66"
"F146","F66"
"F147","F66"
"F148","F66"
"F149","F66"
"F15","F66"
"F150","F66"
"F151","F66"
"F152","F66"
"F153","F66"
"F155","F66"
"F157","F66"
"F161","F66"
"F163","F66"
"F166","F66"
"F167","F66"
"F168","F66"
"F169","F66"
"F174","F66"
"F177","F66"
"F179","F66"
"F180","F66"
"F185","F66"
"F186","F66"
"F187","F66"
"F188","F66"
"F19","F66"
"F193","F66"
"F198","F66"
"F2","F66"
"F205","F66"
"F206","F66"
"F207","F66"
"F21","F66"
"F23","F66"
"F27","F66"
"F29","F66"
"F3","F66"
"F4","F66"
"F42","F66"
"F43","F66"
"F44","F66"
"F45","F66"
"F46","F66"
"F48","F66"
"F49","F66"
"F5","F66"
"F50","F66"
"F51","F66"
"F52","F66"
"F53","F66"
"F59","F66"
"F6","F66"
"F60","F66"
"F61","F66"
"F64","F66"
"F65","F66"
"F7","F66"
"F70","F66"
"F71","F66"
"F72","F66"
"F74","F66"
"F76","F66"
"F77","F66"
"F78","F66"
"F79","F66"
"F8","F66"
"F84","F66"
"F85","F66"
"F86","F66"
"F87","F66"
"F88","F66"
"F89","F66"
"F9","F66"
"F90","F66"
"F91","F66"
"F95","F66"
"F96","F66"
"F97","F66"
"F98","F66"
"F104","F72"
"F67","F72"
"F68","F72"
"F69","F72"
"F99","F72"
"F119","F75"
"F18","F77"
"F19","F77"
"F20","F77"
"F21","F77"
"F51","F84"
"F51","F85"
"F1","F90"
"F2","F90"
"F3","F90"
